"Edit","Word Completion","⌃.","Editing Text","org.eclipse.ui.edit.text.hippieCompletion"
"Window","Next Perspective","⌘F8","In Windows","org.eclipse.ui.window.nextPerspective"
"Navigate","Open Call Hierarchy","⌃⌥H","C/C++ Editor","org.eclipse.cdt.ui.edit.open.call.hierarchy"
"Source","Toggle Comment","⌘/","Editing Properties Files","org.eclipse.jdt.ui.edit.text.java.toggle.comment"
"Run/Debug","Display","⇧⌘D","In Dialogs and Windows","org.eclipse.jdt.debug.ui.commands.Display"
"Terminal view commands","Paste","⌘V","Terminal Control in Focus","org.eclipse.tm.terminal.paste"
"Task Repositories","Mark Task Incomplete","⌥⇧I","In Tasks Editor","org.eclipse.mylyn.tasks.ui.command.markTaskIncomplete"
"Text Editing","Delete Next Word","⌥⌦","Editing Text","org.eclipse.ui.edit.text.deleteNextWord"
"C/C++ Source","Find Word","⌘F3","C/C++ Editor","org.eclipse.cdt.ui.edit.text.c.find.word"
"Search","References in Workspace","⇧⌘G","In Windows","org.eclipse.jdt.ui.edit.text.java.search.references.in.workspace"
"C/C++ Source","Toggle Comment","⌘/","C/C++ Editor","org.eclipse.cdt.ui.edit.text.c.toggle.comment"
"C/C++ Source","Copy Qualified Name","⌥⇧⌘C","C/C++ Editor","org.eclipse.cdt.ui.edit.text.c.copy.qualified.name"
"Views","Show View","⌥⌘Q Q","In Windows","org.eclipse.ui.views.showView"
"Edit","Select Enclosing Element","⌥⇧↑","Editing in Structured Text Editors","org.eclipse.wst.sse.ui.structure.select.enclosing"
"Focused UI","Show Context Quick View","⌥⇧⌘→","In Windows","org.eclipse.mylyn.context.ui.commands.open.context.dialog"
"Text Editing","Copy Lines","⌥⌘↓","Editing Text","org.eclipse.ui.edit.text.copyLineDown"
"Text Editing","Delete to End of Line","⇧⌘⌦","Editing Text","org.eclipse.ui.edit.text.delete.line.to.end"
"Task Repositories","Mark Task Read and Go To Previous Unread Task","⌥⇧↑","In Tasks View","org.eclipse.mylyn.tasks.ui.command.markTaskReadGoToPreviousUnread"
"Navigate","Go To Previous Unread Task","⌥↑","In Tasks View","org.eclipse.mylyn.tasks.ui.command.goToPreviousUnread"
"Views","Show View (Error Log)","⌥⌘Q L","In Windows","org.eclipse.ui.views.showView"
"C/C++ Source","Open Declaration","F3","C/C++ Editor","org.eclipse.cdt.ui.edit.opendecl"
"File","Save","⌘S","In Windows","org.eclipse.ui.file.save"
"Window","Select Maven Profiles","⌃⌥P","In Windows","org.eclipse.m2e.profiles.ui.commands.selectMavenProfileCommand"
"Text Editing","Expand All","⌘Numpad_Multiply","Editing Text","org.eclipse.ui.edit.text.folding.expand_all"
"Edit","Quick Diff Toggle","⌃⇧Q","Editing Text","org.eclipse.quickdiff.toggle"
"Window","Update Project","⌥F5","In Windows","org.eclipse.m2e.core.ui.command.updateProject"
"Focused UI","Focus on Active Task","⌥⇧H","In Windows","org.eclipse.mylyn.context.ui.commands.toggle.focus.active.view"
"Task Repositories","Show Tooltip Description","F4","In Tasks View","org.eclipse.mylyn.tasks.ui.command.showToolTip"
"Navigate","Show In Breadcrumb","⌥⌘B","Editing Java Source","org.eclipse.jdt.ui.edit.text.java.gotoBreadcrumb"
"Navigate","Next","⌘.","In Windows","org.eclipse.ui.navigate.next"
"Text Editing","Text End","↘","Editing Text","org.eclipse.ui.edit.text.goto.textEnd"
"Source","Format","⇧⌘F","Editing Java Source","org.eclipse.jdt.ui.edit.text.java.format"
"Task Repositories","Mark Task Unread","⌥⇧U","In Tasks View","org.eclipse.mylyn.tasks.ui.command.markTaskUnread"
"Edit","Next Sibling","⇧⌘↓","Editing in Structured Text Editors","org.eclipse.wst.xml.ui.nextSibling"
"Edit","Toggle Insert Mode","⇧⌘Insert","Editing Text","org.eclipse.ui.edit.text.toggleInsertMode"
"File","New menu","⌥⌘N","In Windows","org.eclipse.ui.file.newQuickMenu"
"Navigate","Open Attached Javadoc","⇧F2","In Windows","org.eclipse.jdt.ui.edit.text.java.open.external.javadoc"
"Navigate","Go to Previous Member","⌃⌥↑","Editing Java Source","org.eclipse.jdt.ui.edit.text.java.goto.previous.member"
"Task Repositories","Open Selected Task","⌘↩","In Tasks View","org.eclipse.mylyn.tasks.ui.command.openSelectedTask"
"Run/Debug","Step Over","F6","Debugging","org.eclipse.debug.ui.commands.StepOver"
"Views","Show View (Search)","⌥⌘Q S","In Windows","org.eclipse.ui.views.showView"
"C/C++ Source","References","⇧⌘G","C/C++ Editor","org.eclipse.cdt.ui.search.findrefs"
"Run/Debug","Run to Line","⌘R","Debugging","org.eclipse.debug.ui.commands.RunToLine"
"Run/Debug","Java Breakpoint Properties","⌥↩","In Breakpoints View","org.eclipse.jdt.debug.ui.breakpoint.properties"
"C/C++ Source","Add Include","⇧⌘N","C/C++ Editor","org.eclipse.cdt.ui.edit.text.c.add.include"
"Refactor - Java","Show Refactor Quick Menu","⌥⌘T","In Windows","org.eclipse.jdt.ui.edit.text.java.refactor.quickMenu"
"Edit","Delete","⌦","In Windows","org.eclipse.ui.edit.delete"
"Text Editing","Text End","⌘↘","Editing Text","org.eclipse.ui.edit.text.goto.textEnd"
"Edit","Previous Sibling","⌃⇧↑","Editing in Structured Text Editors","org.eclipse.wst.xml.ui.previousSibling"
"Window","Next Perspective","⌃1","In Windows","org.eclipse.ui.window.nextPerspective"
"C/C++ Source","Open Declaration","F3","Assembly Editor","org.eclipse.cdt.ui.edit.opendecl"
"Run/Debug","Go to Address...","⌘G","In Disassembly","org.eclipse.cdt.dsf.debug.ui.disassembly.commands.gotoAddress"
"Edit","Find Next","F3","Editing Text","org.eclipse.ui.edit.findNext"
"Edit","Restore Last C/C++ Selection","⌃⇧⇟","C/C++ Editor","org.eclipse.cdt.ui.edit.text.c.select.last"
"Uncategorized","Show Markup Cheat Sheet","F1","WikiText Markup Source Context","org.eclipse.mylyn.wikitext.ui.editor.showCheatSheetCommand"
"Run/Debug","Coverage Scala Application","⌥⇧E L","In Windows","org.eclipse.eclemma.ui.scalaShortcut.coverage"
"Views","Refresh View (Gradle Tasks)","F5","In Gradle Tasks View","org.eclipse.buildship.ui.commands.refreshtaskview"
"Run/Debug","Debug JUnit Test","⌃⌥⌘D T","In Windows","org.eclipse.jdt.junit.junitShortcut.debug"
"Run/Debug","Debug","F5","In Windows","org.eclipse.debug.ui.commands.DebugLast"
"Run/Debug","Debug Ant Build","⌃⌥⌘D Q","In Windows","org.eclipse.ant.ui.antShortcut.debug"
"C/C++ Source","Add Block Comment","⇧⌘/","C/C++ Editor","org.eclipse.cdt.ui.edit.text.c.add.block.comment"
"Edit","Matching Tag","⇧⌘>","Editing in Structured Text Editors","org.eclipse.wst.xml.ui.gotoMatchingTag"
"Run/Debug","Resume","F5","Debugging","org.eclipse.debug.ui.commands.Resume"
"Navigate","Collapse All","⇧⌘Numpad_Divide","In Windows","org.eclipse.ui.navigate.collapseAll"
"Window","Show Ruler Context Menu","⌘F10","Editing Text","org.eclipse.ui.edit.text.showRulerContextMenu"
"File","Refresh","F5","In Windows","org.eclipse.ui.file.refresh"
"Source","Quick Assist - Assign to field","⌘2 F","Editing Java Source","org.eclipse.jdt.ui.correction.assignToField.assist"
"Navigate","Previous","⇧⌘.","In Windows","org.eclipse.ui.navigate.previous"
"Run/Debug","Force Return","⌥⌘F","In Windows","org.eclipse.jdt.debug.ui.commands.ForceReturn"
"Edit","Incremental Find Reverse","⇧⌘J","Editing Text","org.eclipse.ui.edit.findIncrementalReverse"
"Source","Quick Assist - Rename in file","⌘2 R","Editing Java Source","org.eclipse.jdt.ui.correction.renameInFile.assist"
"Navigate","Go to Line","⌘G","In Windows","org.eclipse.ui.edit.text.goto.line"
"Views","Show View (Package Explorer)","⌥⌘Q P","In Windows","org.eclipse.ui.views.showView"
"File","Properties","⌘I","In Windows","org.eclipse.ui.file.properties"
"Views","Show View (Javadoc)","⌥⌘Q J","In Windows","org.eclipse.ui.views.showView"
"Navigate","Open Remote Task","⌥⇧⌘F12","In Windows","org.eclipse.mylyn.tasks.ui.command.openRemoteTask"
"Window","Show Contributing Plug-in","⌥⇧F3","In Dialogs and Windows","org.eclipse.ui.window.spy"
"C/C++ Source","Open Element","⇧⌘T","In C/C++ Views","org.eclipse.cdt.ui.navigate.opentype"
"Navigate","Next Tab","⌃⇟","In Dialogs and Windows","org.eclipse.ui.navigate.nextTab"
"Run/Debug","Next Page of Memory","⇧⌘.","In Table Memory Rendering","org.eclipse.debug.ui.command.nextpage"
"Text Editing","To Lower Case","⇧⌘Y","Editing Text","org.eclipse.ui.edit.text.lowerCase"
"Text Editing","Show Tooltip Description","F2","Editing Text","org.eclipse.ui.edit.text.showInformation"
"Navigate","Previous Tab","⌃⇞","In Dialogs and Windows","org.eclipse.ui.navigate.previousTab"
"Edit","Shift Left","⇧Tab","C/C++ Editor","org.eclipse.ui.edit.text.shiftLeft"
"Text Editing","Toggle Overwrite","Insert","Editing Text","org.eclipse.ui.edit.text.toggleOverwrite"
"C/C++ Source","Surround With Quick Menu","⌥⇧Z","C/C++ Editor","org.eclipse.cdt.ui.edit.text.c.surround.with.quickMenu"
"Refactor - Java","Inline","⌥⌘I","In Windows","org.eclipse.jdt.ui.edit.text.java.inline"
"Edit","Find Previous","⇧⌘K","Editing Text","org.eclipse.ui.edit.findPrevious"
"C/C++ Source","Go to Matching Bracket","⇧⌘P","C/C++ Editor","org.eclipse.cdt.ui.edit.text.c.goto.matching.bracket"
"Refactor - C++","Extract Function - Refactoring ","⌥⌘M","C/C++ Editor","org.eclipse.cdt.ui.refactor.extract.function"
"Run/Debug","Coverage JUnit Plug-in Test","⌥⇧E P","In Windows","org.eclipse.eclemma.ui.junitPluginShortcut.coverage"
"C/C++ Source","Toggle Source/Header","⌘Tab","C/C++ Editor","org.eclipse.cdt.ui.edit.text.c.toggle.source.header"
"Edit","Open Selection","F3","Editing in Structured Text Editors","org.eclipse.wst.sse.ui.open.file.from.source"
"Run/Debug","Run Maven Build","⌥⇧X M","In Windows","org.eclipse.m2e.core.pomFileAction.run"
"Run/Debug","Step Return","⇧F11","Debugging","org.eclipse.debug.ui.commands.StepReturn"
"Navigate","Show In...","⌥⌘W","In Windows","org.eclipse.ui.navigate.showInQuickMenu"
"Terminal view commands","Terminal view insert","⌥R","Terminal Typing Connected","org.eclipse.tm.terminal.command1"
"Edit","Content Assist","⌃Space","In Dialogs and Windows","org.eclipse.ui.edit.text.contentAssist.proposals"
"Text Editing","Insert Line Above Current Line","⇧⌘↩","Editing Text","org.eclipse.ui.edit.text.smartEnterInverse"
"Edit","Find Previous","⇧F3","Editing Text","org.eclipse.ui.edit.findPrevious"
"Edit","Quick Fix","⌘1","In Dialogs and Windows","org.eclipse.jdt.ui.edit.text.java.correction.assist.proposals"
"Terminal view commands","Terminal view insert","⌥C","Terminal Typing Connected","org.eclipse.tm.terminal.command1"
"Task Repositories","Mark Task Read","⌥⇧R","In Tasks View","org.eclipse.mylyn.tasks.ui.command.markTaskRead"
"Focused UI","Make Landmark","⌥⇧⌘↑","In Windows","org.eclipse.mylyn.context.ui.commands.interest.increment"
"Run/Debug","Previous Page of Memory","⇧⌘,","In Table Memory Rendering","org.eclipse.debug.ui.command.prevpage"
"Navigate","Previous Page","⌥⇧F7","In Windows","org.eclipse.ui.part.previousPage"
"Source","Toggle Comment","⌘7","Editing Java Source","org.eclipse.jdt.ui.edit.text.java.toggle.comment"
"Source","Add Import","⇧⌘M","Editing Java Source","org.eclipse.jdt.ui.edit.text.java.add.import"
"C/C++ Source","Forward","⌥→","In Macro Expansion Hover","org.eclipse.cdt.ui.hover.forwardMacroExpansion"
"Git","Commit...","⌥⌘3","In Windows","org.eclipse.egit.ui.team.Commit"
"Navigate","Open Declaration","F3","In Windows","org.eclipse.jdt.ui.edit.text.java.open.editor"
"View","Zoom Out","⌘-","In Windows","org.eclipse.gef.zoom_out"
"Run/Debug","Coverage TestNG Test","⌥⇧E N","In Windows","org.eclipse.eclemma.ui.testNgShortcut.coverage"
"Run/Debug","Run Ant Build","⌥⌘X Q","In Windows","org.eclipse.ant.ui.antShortcut.run"
"Edit","Select Next Element","⌃⇧→","Editing in Structured Text Editors","org.eclipse.wst.sse.ui.structure.select.next"
"Text Editing","Previous Word","⌥←","Editing Text","org.eclipse.ui.edit.text.goto.wordPrevious"
"C/C++ Source","Toggle Comment","⌘7","C/C++ Editor","org.eclipse.cdt.ui.edit.text.c.toggle.comment"
"Navigate","Open Maven POM","⌥⇧P","In Windows","org.eclipse.m2e.core.ui.command.openPom"
"Search","Show Occurrences in File Quick Menu","⇧⌘U","In Windows","org.eclipse.jdt.ui.edit.text.java.search.occurrences.in.file.quickMenu"
"Navigate","Open Type Hierarchy","F4","C/C++ Editor","org.eclipse.cdt.ui.edit.open.type.hierarchy"
"C/C++ Source","Toggle Source/Header","⌃Tab","C/C++ Editor","org.eclipse.cdt.ui.edit.text.c.toggle.source.header"
"C/C++ Source","Format","⇧⌘F","C/C++ Editor","org.eclipse.cdt.ui.edit.text.c.format"
"C/C++ Source","Surround With Quick Menu","⌥⌘Z","C/C++ Editor","org.eclipse.cdt.ui.edit.text.c.surround.with.quickMenu"
"Navigate","Next Sub-Tab","⌥⇟","In Dialogs and Windows","org.eclipse.ui.navigate.nextSubTab"
"Navigate","Open Resource","⇧⌘R","In Windows","org.eclipse.ui.navigate.openResource"
"Refactor - Java","Rename - Refactoring ","⌥⌘R","In Windows","org.eclipse.jdt.ui.edit.text.java.rename.element"
"Source","Rename In File","⌥⌘R","Editing Ant Buildfiles","org.eclipse.ant.ui.renameInFile"
"Terminal view commands","Terminal view insert","⌥P","Terminal Typing Connected","org.eclipse.tm.terminal.command1"
"Run/Debug","Toggle Breakpoint","F9","In Windows","org.eclipse.debug.ui.commands.ToggleBreakpoint"
"Reverse Debugging Commands","Reverse Resume","⇧F8","Debugging C/C++","org.eclipse.cdt.debug.ui.command.reverseResume"
"Navigate","Quick Outline","⇧⌘O","Task Markup Editor Source Context","org.eclipse.mylyn.wikitext.ui.quickOutlineCommand"
"Edit","Remove Block Comment","⌘\","Editing in Structured Text Editors","org.eclipse.wst.sse.ui.remove.block.comment"
"Run/Debug","New Rendering","⌘N","In Memory View","org.eclipse.debug.ui.commands.newRendering"
"Text Editing","Move Lines Up","⌥↑","Editing Text","org.eclipse.ui.edit.text.moveLineUp"
"Window","Quick Switch Editor","⌘E","In Windows","org.eclipse.ui.window.openEditorDropDown"
"Run/Debug","Toggle Memory Monitors Pane","⌘T","In Memory View","org.eclipse.debug.ui.commands.toggleMemoryMonitorsPane"
"Navigate","Open Type in Hierarchy","⇧⌘H","In Windows","org.eclipse.jdt.ui.navigate.open.type.in.hierarchy"
"Project","Rebuild Last Target","F9","In Windows","org.eclipse.cdt.make.ui.targetBuildLastCommand"
"Git","Copy Path to Clipboard","⌘C","In Git Repositories View","org.eclipse.egit.ui.RepositoriesViewCopyPath"
"Terminal view commands","Terminal view insert","⌥A","Terminal Typing Connected","org.eclipse.tm.terminal.command1"
"Window","Switch to Editor","⇧⌘E","In Windows","org.eclipse.ui.window.switchToEditor"
"File","Properties","⌥↩","In Windows","org.eclipse.ui.file.properties"
"Navigate","Backward History","⌘[","In Windows","org.eclipse.ui.navigate.backwardHistory"
"Task Repositories","Mark Task Complete","⌥⇧C","In Tasks View","org.eclipse.mylyn.tasks.ui.command.markTaskComplete"
"Window","Show Context Menu","⇧F10","In Dialogs and Windows","org.eclipse.ui.window.showContextMenu"
"Source","Annotate Class File","⌘1","Browsing attached Java Source","org.eclipse.jdt.ui.edit.text.java.annotate.classFile"
"Run/Debug","Run JUnit Test","⌥⌘X T","In Windows","org.eclipse.jdt.junit.junitShortcut.run"
"Views","Show View (Declaration)","⌥⌘Q D","In Windows","org.eclipse.ui.views.showView"
"Source","Remove Block Comment","⌃⌘\","Editing Java Source","org.eclipse.jdt.ui.edit.text.java.remove.block.comment"
"Run/Debug","Run Java Applet","⌥⌘X A","In Windows","org.eclipse.jdt.debug.ui.javaAppletShortcut.run"
"Navigate","Previous Sub-Tab","⌥⇞","In Dialogs and Windows","org.eclipse.ui.navigate.previousSubTab"
"Edit","Add Bookmark","⌘F2","In Windows","org.eclipse.ui.edit.addBookmark"
"Run/Debug","Use Step Filters","⇧F5","In Windows","org.eclipse.debug.ui.commands.ToggleStepFilters"
"Window","Previous Editor","⇧⌘F6","In Windows","org.eclipse.ui.window.previousEditor"
"Terminal view commands","Paste","⇧⌘V","Terminal Control in Focus","org.eclipse.tm.terminal.paste"
"Edit","Remove Block Comment","⇧⌘\","Editing in Structured Text Editors","org.eclipse.wst.sse.ui.remove.block.comment"
"Terminal view commands","Maximize Active View or Editor","⌥↑","Terminal Control in Focus","org.eclipse.tm.terminal.maximize"
"Terminal view commands","Terminal view insert","⌥Y","Terminal Typing Connected","org.eclipse.tm.terminal.command1"
"Run/Debug","Coverage Eclipse Application","⌥⇧E E","In Windows","org.eclipse.eclemma.ui.workbenchShortcut.coverage"
"Source","Toggle Comment","⇧⌘C","Editing Properties Files","org.eclipse.jdt.ui.edit.text.java.toggle.comment"
"C/C++ Source","Organize Includes","⇧⌘O","C/C++ Editor","org.eclipse.cdt.ui.edit.text.c.organize.includes"
"Views","Show View (Breakpoints)","⌥⌘B","In Windows","org.eclipse.ui.views.showView"
"Navigate","Quick Outline","⌘O","Editing Java Source","org.eclipse.jdt.ui.edit.text.java.show.outline"
"Run/Debug","Run to Line","⌘F10","In Windows","org.eclipse.debug.ui.commands.RunToLine"
"Refactor - C++","Rename - Refactoring ","⌥⌘R","C/C++ Editor","org.eclipse.cdt.ui.edit.text.rename.element"
"Edit","Redo","⇧⌘Z","In Dialogs and Windows","org.eclipse.ui.edit.redo"
"File","New","⇧⌘N","In Windows","org.eclipse.ui.newWizard"
"Refactor - Java","Change Method Signature","⌥⌘C","In Windows","org.eclipse.jdt.ui.edit.text.java.modify.method.parameters"
"Window","Next View","⌘F7","In Windows","org.eclipse.ui.window.nextView"
"Refactor - Java","Extract Method","⌥⌘M","In Windows","org.eclipse.jdt.ui.edit.text.java.extract.method"
"Run/Debug","Coverage JUnit Test","⌥⇧E T","In Windows","org.eclipse.eclemma.ui.junitShortcut.coverage"
"Text Editing","Next Word","⌥→","Editing Text","org.eclipse.ui.edit.text.goto.wordNext"
"Source","Correct Indentation","⌘I","Editing Java Source","org.eclipse.jdt.ui.edit.text.java.indent"
"C/C++ Source","Open Declaration","F3","In C/C++ Views","org.eclipse.cdt.ui.edit.opendecl"
"Source","Add Text Block","⇧⌘'","Editing Java Source","org.eclipse.jdt.ui.edit.text.java.add.textblock"
"Text Editing","Toggle Folding","⌘Numpad_Divide","Editing Text","org.eclipse.ui.edit.text.folding.toggle"
"Run/Debug","Step Into Selection","⌥F5","Debugging","org.eclipse.jdt.debug.ui.commands.StepIntoSelection"
"Text Editing","Delete Line","⌘D","Editing Text","org.eclipse.ui.edit.text.delete.line"
"Terminal view commands","Paste","⇧Insert","Terminal Control in Focus","org.eclipse.tm.terminal.paste"
"Window","Toggle Split Editor (Vertical)","⇧⌘[","In Windows","org.eclipse.ui.window.splitEditor"
"Source","Toggle Mark Occurrences","⌥⌘O","Editing Java Source","org.eclipse.jdt.ui.edit.text.java.toggleMarkOccurrences"
"Run/Debug","Step Into Selection","⌘F5","Debugging C/C++","org.eclipse.cdt.debug.ui.command.StepIntoSelection"
"Edit","Select Enclosing C/C++ Element","⌃⇧⇞","C/C++ Editor","org.eclipse.cdt.ui.edit.text.c.select.enclosing"
"Terminal view commands","Terminal view insert","⌥N","Terminal Typing Connected","org.eclipse.tm.terminal.command1"
"Text Editing","To Upper Case","⇧⌘X","Editing Text","org.eclipse.ui.edit.text.upperCase"
"Navigate","Next Page","⌥F7","In Windows","org.eclipse.ui.part.nextPage"
"Edit","Find Next","⌘K","Editing Text","org.eclipse.ui.edit.findNext"
"Source","Remove Block Comment","⇧⌘\","Editing Java Source","org.eclipse.jdt.ui.edit.text.java.remove.block.comment"
"Text Editing","Line End","⌘→","Editing Text","org.eclipse.ui.edit.text.goto.lineEnd"
"Navigate","Matching Character","⇧⌘P","Editing in Structured Text Editors","org.eclipse.wst.sse.ui.goto.matching.bracket"
"Uncategorized","Copy Commit Id","⌘C","In Git Reflog View","org.eclipse.egit.ui.internal.reflog.CopyCommand"
"Edit","Select Enclosing Element","⌃⇧⇞","Editing Java Source","org.eclipse.jdt.ui.edit.text.java.select.enclosing"
"Source","Format","⇧⌘F","Editing Ant Buildfiles","org.eclipse.jdt.ui.edit.text.java.format"
"Edit","Select Previous Element","⌃⇧←","Editing in Structured Text Editors","org.eclipse.wst.sse.ui.structure.select.previous"
"Uncategorized","Find References","⇧⌘G","in Generic Code Editor","org.eclipse.ui.genericeditor.findReferences"
"C/C++ Source","Open Element","⇧⌘T","C/C++ Editor","org.eclipse.cdt.ui.navigate.opentype"
"Source","Show Source Quick Menu","⌥⌘S","In Windows","org.eclipse.jdt.ui.edit.text.java.source.quickMenu"
"Run/Debug","Run","⇧⌘F11","In Windows","org.eclipse.debug.ui.commands.RunLast"
"Edit","Select Next Element","⌃⇧↘","Editing Java Source","org.eclipse.jdt.ui.edit.text.java.select.next"
"Terminal view commands","Terminal view insert","⌥D","Terminal Typing Connected","org.eclipse.tm.terminal.command1"
"Window","Quick Switch Editor","⌃Tab","In Windows","org.eclipse.ui.window.openEditorDropDown"
"Edit","Incremental Find","⌘J","Editing Text","org.eclipse.ui.edit.findIncremental"
"Edit","Select Previous C/C++ Element","⌃⇧↖","C/C++ Editor","org.eclipse.cdt.ui.edit.text.c.select.previous"
"Navigate","Open from Clipboard","⇧⌘V","In Windows","org.eclipse.jdt.debug.ui.command.OpenFromClipboard"
"Text Editing","Text Start","↖","Editing Text","org.eclipse.ui.edit.text.goto.textStart"
"Edit","Select Next C/C++ Element","⌃⇧↘","C/C++ Editor","org.eclipse.cdt.ui.edit.text.c.select.next"
"Terminal view commands","Terminal view insert","⌥F","Terminal Typing Connected","org.eclipse.tm.terminal.command1"
"Refactor - C++","Extract Local Variable - Refactoring ","⌥⌘L","C/C++ Editor","org.eclipse.cdt.ui.refactor.extract.local.variable"
"File","Save All","⇧⌘S","In Windows","org.eclipse.ui.file.saveAll"
"Window","Show Key Assist","⇧⌘L","In Dialogs and Windows","org.eclipse.ui.window.showKeyAssist"
"Refactor - Java","Move - Refactoring ","⌥⌘V","In Windows","org.eclipse.jdt.ui.edit.text.java.move.element"
"C/C++ Source","Next Bookmark","⇧F2","C/C++ Editor","org.eclipse.cdt.ui.edit.text.c.goto.next.bookmark"
"Text Editing","Select Previous Word","⌥⇧←","Editing Text","org.eclipse.ui.edit.text.select.wordPrevious"
"Edit","Context Information","⌃⇧Space","In Dialogs and Windows","org.eclipse.ui.edit.text.contentAssist.contextInformation"
"Navigate","Show In Breadcrumb","⌥⌘B","Editor Breadcrumb Navigation","org.eclipse.jdt.ui.edit.text.java.gotoBreadcrumb"
"Edit","Matching Tag","⌃⇧.","Editing in Structured Text Editors","org.eclipse.wst.xml.ui.gotoMatchingTag"
"C/C++ Source","Open Declaration","F3","In Macro Expansion Hover","org.eclipse.cdt.ui.edit.opendecl"
"Task Editor","Maximize Part","⇧⌘M","In Tasks Editor","org.eclipse.mylyn.tasks.ui.command.maximizePart"
"Edit","Format Active Elements","⌘I","Editing in Structured Text Editors","org.eclipse.wst.sse.ui.format.active.elements"
"View","Zoom In","⌘=","In Windows","org.eclipse.gef.zoom_in"
"Text Editing","Text Start","⌘↖","Editing Text","org.eclipse.ui.edit.text.goto.textStart"
"Window","Previous View","⇧⌘F7","In Windows","org.eclipse.ui.window.previousView"
"Navigate","Go To Next Unread Task","⌥↓","In Tasks View","org.eclipse.mylyn.tasks.ui.command.goToNextUnread"
"Run/Debug","Skip All Breakpoints","⌃⌥B","In Windows","org.eclipse.debug.ui.commands.SkipAllBreakpoints"
"Search","Open Search Dialog","⌃H","In Windows","org.eclipse.search.ui.openSearchDialog"
"Source","Quick Assist - Assign to local variable","⌘2 L","Editing Java Source","org.eclipse.jdt.ui.correction.assignToLocal.assist"
"Task Repositories","Mark Task Complete","⌥⇧C","In Tasks Editor","org.eclipse.mylyn.tasks.ui.command.markTaskComplete"
"Source","Toggle Comment","⌘/","Editing Java Source","org.eclipse.jdt.ui.edit.text.java.toggle.comment"
"Makefile Source","Open declaration","F3","Makefile Editor","org.eclipse.cdt.make.ui.edit.text.makefile.opendecl"
"Navigate","Open Include Browser","⌥⌘I","In C/C++ Views","org.eclipse.cdt.ui.edit.open.include.browser"
"Window","Next Editor","⌃2","In Windows","org.eclipse.ui.window.nextEditor"
"C/C++ Source","Declaration","⌘G","In C/C++ Views","org.eclipse.cdt.ui.search.finddecl"
"File","Print","⌘P","In Windows","org.eclipse.ui.file.print"
"Run/Debug","Resume","F8","Debugging","org.eclipse.debug.ui.commands.Resume"
"Terminal view commands","Terminal view insert","⌥H","Terminal Typing Connected","org.eclipse.tm.terminal.command1"
"Navigate","Open Call Hierarchy","⌃⌥H","In C/C++ Views","org.eclipse.cdt.ui.edit.open.call.hierarchy"
"Navigate","Open Type in Hierarchy","⇧⌘H","C/C++ Editor","org.eclipse.cdt.ui.navigate.open.type.in.hierarchy"
"Run/Debug","Run","⌘F5","In Windows","org.eclipse.debug.ui.commands.RunLast"
"Source","Surround With Quick Menu","⌥⌘Z","In Windows","org.eclipse.jdt.ui.edit.text.java.surround.with.quickMenu"
"Terminal view commands","Terminal view insert","⌥V","Terminal Typing Connected","org.eclipse.tm.terminal.command1"
"Text Editing","Select Text End","⇧↘","Editing Text","org.eclipse.ui.edit.text.select.textEnd"
"Source","Toggle Comment","⌘7","Editing Properties Files","org.eclipse.jdt.ui.edit.text.java.toggle.comment"
"Navigate","Deactivate Task","⇧⌘F9","In Windows","org.eclipse.mylyn.tasks.ui.command.deactivateAllTasks"
"C/C++ Source","Quick Type Hierarchy","⌘T","C/C++ Editor","org.eclipse.cdt.ui.edit.open.quick.type.hierarchy"
"Run/Debug","Add Memory Block","⌥⌘M","In Memory View","org.eclipse.debug.ui.commands.addMemoryMonitor"
"Text Editing","Reset Structure","⇧⌘Numpad_Multiply","Editing Text","org.eclipse.ui.edit.text.folding.restore"
"Git","Rename Branch...","F2","In Git Repositories View","org.eclipse.egit.ui.team.RenameBranch"
"Edit","Toggle Block Selection","⌥⌘A","Editing Text","org.eclipse.ui.edit.text.toggleBlockSelectionMode"
"Edit","Undo","⌘Z","In Dialogs and Windows","org.eclipse.ui.edit.undo"
"Edit","Toggle Word Wrap","⌥⌘Y","Editing Text","org.eclipse.ui.edit.text.toggleWordWrap"
"Text Editing","Open Hyperlink","F3","in Generic Code Editor","org.eclipse.ui.edit.text.open.hyperlink"
"Edit","Paste","⌘V","In Dialogs and Windows","org.eclipse.ui.edit.paste"
"Text Editing","Line Start","⌘←","Editing Text","org.eclipse.ui.edit.text.goto.lineStart"
"Source","Toggle Ant Mark Occurrences","⌥⌘O","Editing Ant Buildfiles","org.eclipse.ant.ui.toggleMarkOccurrences"
"Window","Next Editor","⌘F6","In Windows","org.eclipse.ui.window.nextEditor"
"Navigate","Open Type Hierarchy","F4","In C/C++ Views","org.eclipse.cdt.ui.edit.open.type.hierarchy"
"Run/Debug","Step Into","F11","Debugging","org.eclipse.debug.ui.commands.StepInto"
"Source","Add Javadoc Comment","⌥⌘J","In Windows","org.eclipse.jdt.ui.edit.text.java.add.javadoc.comment"
"Terminal view commands","Terminal view insert","⌥E","Terminal Typing Connected","org.eclipse.tm.terminal.command1"
"Navigate","Go to Line","⌘L","Editing Text","org.eclipse.ui.edit.text.goto.line"
"Run/Debug","Coverage TestNG Suite","⌥⇧E G","In Windows","org.eclipse.eclemma.ui.testNgSuiteShortcut.coverage"
"Navigate","Last Edit Location","⌃Q","In Windows","org.eclipse.ui.edit.text.gotoLastEditPosition"
"Terminal view commands","Terminal view insert","⌥B","Terminal Typing Connected","org.eclipse.tm.terminal.command1"
"Navigate","Go to Next Member","⌃⌥↓","Editing Java Source","org.eclipse.jdt.ui.edit.text.java.goto.next.member"
"Views","Show View (Console)","⌥⌘Q C","In Windows","org.eclipse.ui.views.showView"
"Terminal view commands","Quick Access","⌥→","Terminal Control in Focus","org.eclipse.tm.terminal.quickaccess"
"Source","Quick Assist - Extract method","⌘2 M","Editing Java Source","org.eclipse.jdt.ui.correction.extractMethodInplace.assist"
"Views","Show View (Variables)","⌥⌘Q V","In Windows","org.eclipse.ui.views.showView"
"Edit","Add Block Comment","⇧⌘/","Editing in Structured Text Editors","org.eclipse.wst.sse.ui.add.block.comment"
"Navigate","Activate Task","⌘F9","In Windows","org.eclipse.mylyn.tasks.ui.command.activateTask"
"Edit","Find and Replace","⌘F","In Windows","org.eclipse.ui.edit.findReplace"
"Edit","Format","⇧⌘F","Editing in Structured Text Editors","org.eclipse.wst.sse.ui.format.document"
"File","New","⌘N","In Windows","org.eclipse.ui.newWizard"
"C/C++ Source","Align const qualifiers","⇧⌘A","C/C++ Editor","org.eclipse.cdt.ui.edit.text.c.align.const"
"C/C++ Source","Show Source Quick Menu","⌥⌘S","C/C++ Editor","org.eclipse.cdt.ui.edit.text.c.source.quickMenu"
"Run/Debug","Debug","⌘F11","In Windows","org.eclipse.debug.ui.commands.DebugLast"
"C/C++ Source","Explore Macro Expansion","⌘=","C/C++ Editor","org.eclipse.cdt.ui.edit.open.quick.macro.explorer"
"File","Close","⌘W","In Windows","org.eclipse.ui.file.close"
"Window","Previous Perspective","⇧⌘F8","In Windows","org.eclipse.ui.window.previousPerspective"
"Window","Show System Menu","⇧⌘F10","In Windows","org.eclipse.ui.window.showSystemMenu"
"Run/Debug","Execute","⌘U","In Windows","org.eclipse.jdt.debug.ui.commands.Execute"
"Edit","Restore Last Selection","⌃⇧⇟","Editing Java Source","org.eclipse.jdt.ui.edit.text.java.select.last"
"Run/Debug","Debug Java Application","⌃⌥⌘D J","In Windows","org.eclipse.jdt.debug.ui.localJavaShortcut.debug"
"Navigate","Open Task","⌥⌘F12","In Windows","org.eclipse.mylyn.tasks.ui.command.openTask"
"C/C++ Source","Indent Line","⌘I","C/C++ Editor","org.eclipse.cdt.ui.edit.text.c.indent"
"Text Editing","Select Next Word","⌥⇧→","Editing Text","org.eclipse.ui.edit.text.select.wordNext"
"Search","Find Text in Workspace","⌥⌘G","In Windows","org.eclipse.search.ui.performTextSearchWorkspace"
"Source","Remove Occurrence Annotations","⌥⌘U","Editing Java Source","org.eclipse.jdt.ui.edit.text.remove.occurrence.annotations"
"C/C++ Source","Remove Block Comment","⇧⌘\","C/C++ Editor","org.eclipse.cdt.ui.edit.text.c.remove.block.comment"
"Focused UI","Make Less Interesting","⌥⇧⌘↓","In Windows","org.eclipse.mylyn.context.ui.commands.interest.decrement"
"Refactor - C++","Toggle Function - Refactoring ","⌥⌘T","C/C++ Editor","org.eclipse.cdt.ui.refactor.toggle.function"
"Text Editing","Collapse All","⇧⌘Numpad_Divide","Editing Text","org.eclipse.ui.edit.text.folding.collapse_all"
"Navigate","Quick Hierarchy","⌘T","Editing Java Source","org.eclipse.jdt.ui.edit.text.java.open.hierarchy"
"Refactor - C++","Extract Constant - Refactoring ","⌥C","C/C++ Editor","org.eclipse.cdt.ui.refactor.extract.constant"
"Text Editing","Delete Previous Word","⌥⌫","Editing Text","org.eclipse.ui.edit.text.deletePreviousWord"
"Navigate","Open Structure","⌘F3","Editing Java Source","org.eclipse.jdt.ui.navigate.java.open.structure"
"Terminal view commands","Terminal view insert","⌥T","Terminal Typing Connected","org.eclipse.tm.terminal.command1"
"Text Editing","Select Line End","⇧⌘→","Editing Text","org.eclipse.ui.edit.text.select.lineEnd"
"Navigate","Forward History","⌥⌘→","In Windows","org.eclipse.ui.navigate.forwardHistory"
"Terminal view commands","Terminal view insert","⌥W","Terminal Typing Connected","org.eclipse.tm.terminal.command1"
"Run/Debug","Next Memory Monitor","⌥⌘N","In Memory View","org.eclipse.debug.ui.commands.nextMemoryBlock"
"Task Repositories","New Local Task","⌥N","In Tasks View","org.eclipse.mylyn.tasks.ui.command.new.local.task"
"Run/Debug","Inspect","⇧⌘I","In Dialogs and Windows","org.eclipse.jdt.debug.ui.commands.Inspect"
"Project","Build Target Build","⇧F9","In Windows","org.eclipse.cdt.make.ui.targetBuildCommand"
"Window","Find Actions","⌘3","In Windows","org.eclipse.ui.window.quickAccess"
"Git","Collapse Working Tree","⌘←","In Git Repositories View","org.eclipse.egit.ui.RepositoriesViewCollapseWorkingTree"
"Text Editing","Collapse","⌘Numpad_Subtract","Editing Text","org.eclipse.ui.edit.text.folding.collapse"
"Edit","Restore Last Selection","⌥⇧↓","Editing in Structured Text Editors","org.eclipse.wst.sse.ui.structure.select.last"
"Window","Close Dialog","⌘W","In Dialogs","org.eclipse.ui.cocoa.closeDialog"
"Views","Show View","⌥⌘Q T","In Windows","org.eclipse.ui.views.showView"
"Window","Previous Editor","⇧⌘Tab","In Windows","org.eclipse.ui.window.previousEditor"
"Task Repositories","Mark Task Read","⌥⇧R","In Tasks Editor","org.eclipse.mylyn.tasks.ui.command.markTaskRead"
"Run/Debug","Coverage Java Application","⌥⇧E J","In Windows","org.eclipse.eclemma.ui.localJavaShortcut.coverage"
"Run/Debug","Coverage","⌃⇧F11","In Windows","org.eclipse.eclemma.ui.commands.CoverageLast"
"Terminal view commands","Terminal view insert","⌥S","Terminal Typing Connected","org.eclipse.tm.terminal.command1"
"C/C++ Source","Go to Next Member","⌃⌥↓","C/C++ Editor","org.eclipse.cdt.ui.edit.text.c.goto.next.member"
"Text Editing","Duplicate Lines","⌥⌘↑","Editing Text","org.eclipse.ui.edit.text.copyLineUp"
"Edit","Cut","⌘X","In Dialogs and Windows","org.eclipse.ui.edit.cut"
"Navigate","Open Call Hierarchy","⌃⌥H","In Windows","org.eclipse.jdt.ui.edit.text.java.open.call.hierarchy"
"Makefile Source","Toggle Comment","⌘/","Makefile Editor","org.eclipse.cdt.make.ui.edit.text.makefile.toggle.comment"
"C/C++ Source","Sort Lines","⌃⌘S","C/C++ Editor","org.eclipse.cdt.ui.edit.text.c.sort.lines"
"Navigate","Go to Matching Bracket","⇧⌘P","Editing Java Source","org.eclipse.jdt.ui.edit.text.java.goto.matching.bracket"
"Text Editing","Zoom Out","⌘-","Editing Text","org.eclipse.ui.edit.text.zoomOut"
"Run/Debug","Toggle Breakpoint","⇧⌘B","In Windows","org.eclipse.debug.ui.commands.ToggleBreakpoint"
"Edit","Toggle Comment","⇧⌘C","Editing in Structured Text Editors","org.eclipse.wst.sse.ui.toggle.comment"
"Text Editing","Expand","⌘Numpad_Add","Editing Text","org.eclipse.ui.edit.text.folding.expand"
"Terminal view commands","Copy","⇧⌘C","Terminal Control in Focus","org.eclipse.tm.terminal.copy"
"Edit","Select Previous Element","⌃⇧↖","Editing Java Source","org.eclipse.jdt.ui.edit.text.java.select.previous"
"Run/Debug","Run Gradle Test","⌥⌘X G","In Windows","org.eclipse.buildship.ui.shortcut.test.run"
"Run/Debug","Coverage RAP JUnit Test","⌥⇧E R","In Windows","org.eclipse.eclemma.ui.junitRAPShortcut.coverage"
"Navigate","Open Type","⇧⌘T","In Windows","org.eclipse.jdt.ui.navigate.open.type"
"Reverse Debugging Commands","Reverse Step Into","⇧F5","Debugging C/C++","org.eclipse.cdt.debug.ui.command.reverseStepInto"
"Views","Show View (Breakpoints)","⌥⌘Q B","In Windows","org.eclipse.ui.views.showView"
"Edit","Add Block Comment","⌘/","Editing in Structured Text Editors","org.eclipse.wst.sse.ui.add.block.comment"
"Navigate","Backward History","⌥⌘←","In Windows","org.eclipse.ui.navigate.backwardHistory"
"Source","Open External Documentation","⇧F2","Editing Ant Buildfiles","org.eclipse.ant.ui.openExternalDoc"
"Views","Show View (Synchronize)","⌥⌘Q Y","In Windows","org.eclipse.ui.views.showView"
"Navigate","Open Include Browser","⌥⌘I","C/C++ Editor","org.eclipse.cdt.ui.edit.open.include.browser"
"Reverse Debugging Commands","Reverse Step Over","⇧F6","Debugging C/C++","org.eclipse.cdt.debug.ui.command.reverseStepOver"
"Run/Debug","Run Java Application","⌥⌘X J","In Windows","org.eclipse.jdt.debug.ui.localJavaShortcut.run"
"Terminal view commands","Terminal view insert","⌥L","Terminal Typing Connected","org.eclipse.tm.terminal.command1"
"Text Editing","Select Text Start","⇧↖","Editing Text","org.eclipse.ui.edit.text.select.textStart"
"Edit","Next Sibling","⌃⇧↓","Editing in Structured Text Editors","org.eclipse.wst.xml.ui.nextSibling"
"Views","Show View (Cheat Sheets)","⌥⌘Q H","In Windows","org.eclipse.ui.views.showView"
"Edit","Occurrences in File","⇧⌘A","Editing in Structured Text Editors","org.eclipse.wst.sse.ui.search.find.occurrences"
"C/C++ Source","Toggle Mark Occurrences","⌥⌘O","C/C++ Editor","org.eclipse.cdt.ui.edit.text.c.toggleMarkOccurrences"
"Source","Organize Imports","⇧⌘O","In Windows","org.eclipse.jdt.ui.edit.text.java.organize.imports"
"Source","Toggle Comment","⇧⌘C","Editing Java Source","org.eclipse.jdt.ui.edit.text.java.toggle.comment"
"Window","Maximize Active View or Editor","⌃M","In Windows","org.eclipse.ui.window.maximizePart"
"Task Repositories","Mark Task Read and Go To Next Unread Task","⌥⇧↓","In Tasks View","org.eclipse.mylyn.tasks.ui.command.markTaskReadGoToNextUnread"
"Task Repositories","Mark Task Incomplete","⌥⇧I","In Tasks View","org.eclipse.mylyn.tasks.ui.command.markTaskIncomplete"
"Window","Toggle Split Editor (Horizontal)","⇧⌘-","In Windows","org.eclipse.ui.window.splitEditor"
"Run/Debug","Go to Program Counter","↖","In Disassembly","org.eclipse.cdt.dsf.debug.ui.disassembly.commands.gotoPC"
"Task Repositories","Quick Outline","⌘O","In Tasks Editor","org.eclipse.mylyn.task.ui.editor.QuickOutline"
"Task Repositories","New Subtask","⇧Insert","In Tasks View","org.eclipse.mylyn.tasks.ui.command.new.subtask"
"Edit","Quick Fix","⌘I","In Dialogs and Windows","org.eclipse.jdt.ui.edit.text.java.correction.assist.proposals"
"Run/Debug","Coverage SWTBot Test","⌥⇧E S","In Windows","org.eclipse.eclemma.ui.swtBotJunitShortcut.coverage"
"Run/Debug","Step Over","F10","Debugging","org.eclipse.debug.ui.commands.StepOver"
"C/C++ Source","Toggle Comment","⇧⌘C","C/C++ Editor","org.eclipse.cdt.ui.edit.text.c.toggle.comment"
"Edit","Add Maven Plugin","⌃⇧P","Editing XML Source","org.eclipse.m2e.core.ui.command.addPlugin"
"Navigate","Open Type in Hierarchy","⇧⌘H","In C/C++ Views","org.eclipse.cdt.ui.navigate.open.type.in.hierarchy"
"C/C++ Source","Open Declaration","F12","C/C++ Editor","org.eclipse.cdt.ui.edit.opendecl"
"Run/Debug","EOF","⌃D","In I/O Console","org.eclipse.debug.ui.commands.eof"
"Navigate","Expand All","⇧⌘Numpad_Multiply","In Windows","org.eclipse.ui.navigate.expandAll"
"Window","Activate Editor","⌘F12","In Windows","org.eclipse.ui.window.activateEditor"
"C/C++ Source","Back","⌥←","In Macro Expansion Hover","org.eclipse.cdt.ui.hover.backwardMacroExpansion"
"C/C++ Source","Declaration","⌘G","C/C++ Editor","org.eclipse.cdt.ui.search.finddecl"
"Search","Open Search Dialog","⇧⌘F","In Windows","org.eclipse.search.ui.openSearchDialog"
"Terminal view commands","Copy","⌘C","Terminal Control in Focus","org.eclipse.tm.terminal.copy"
"Navigate","Forward History","⌘]","In Windows","org.eclipse.ui.navigate.forwardHistory"
"Run/Debug","Step Into","F5","Debugging","org.eclipse.debug.ui.commands.StepInto"
"Run/Debug","All Instances","⇧⌘N","In Windows","org.eclipse.jdt.debug.ui.commands.AllInstances"
"Task Editor","Submit Task","⌥⇧S","In Tasks Editor","org.eclipse.mylyn.tasks.ui.command.submitTask"
"Views","Show View (History)","⌥⌘Q Z","In Windows","org.eclipse.ui.views.showView"
"Source","Add Block Comment","⌃⌘/","Editing Java Source","org.eclipse.jdt.ui.edit.text.java.add.block.comment"
"Run/Debug","Step Return","F7","Debugging","org.eclipse.debug.ui.commands.StepReturn"
"Text Editing","Move Lines Down","⌥↓","Editing Text","org.eclipse.ui.edit.text.moveLineDown"
"Run/Debug","Debug Java Applet","⌃⌥⌘D A","In Windows","org.eclipse.jdt.debug.ui.javaAppletShortcut.debug"
"Terminal view commands","Copy","⌘Insert","Terminal Control in Focus","org.eclipse.tm.terminal.copy"
"C/C++ Source","Go to Previous Member","⌃⌥↑","C/C++ Editor","org.eclipse.cdt.ui.edit.text.c.goto.prev.member"
"Views","Show View (Problems)","⌥⌘Q X","In Windows","org.eclipse.ui.views.showView"
"Window","Toggle Full Screen","⌃⌘F","In Windows","org.eclipse.ui.cocoa.fullscreenWindow"
"File","Close All","⇧⌘W","In Windows","org.eclipse.ui.file.closeAll"
"Navigate","Quick Outline","⌘O","WikiText Markup Source Context","org.eclipse.mylyn.wikitext.ui.quickOutlineCommand"
"Window","Show View Menu","⌘F10","In Dialogs and Windows","org.eclipse.ui.window.showViewMenu"
"Task Repositories","Mark Task Unread","⌥⇧U","In Tasks Editor","org.eclipse.mylyn.tasks.ui.command.markTaskUnread"
"Refactor - Java","Extract Local Variable","⌥⌘L","In Windows","org.eclipse.jdt.ui.edit.text.java.extract.local.variable"
"Navigate","Quick Outline","⌘O","Editing in Structured Text Editors","org.eclipse.wst.sse.ui.quick_outline"
"Edit","Copy","⌘C","In Dialogs and Windows","org.eclipse.ui.edit.copy"
"Edit","Select All","⌘A","In Dialogs and Windows","org.eclipse.ui.edit.selectAll"
"Views","Show View (Task List)","⌥⌘Q K","In Windows","org.eclipse.ui.views.showView"
"Task Repositories","New Local Task","Insert","In Tasks View","org.eclipse.mylyn.tasks.ui.command.new.local.task"
"Run/Debug","Terminate","⌘F2","Debugging","org.eclipse.debug.ui.commands.Terminate"
"Refactor - C++","Rename - Refactoring ","⌥⌘R","In C/C++ Views","org.eclipse.cdt.ui.edit.text.rename.element"
"Text Editing","Insert Line Below Current Line","⇧↩","Editing Text","org.eclipse.ui.edit.text.smartEnter"
"File","Rename","F2","In Windows","org.eclipse.ui.edit.rename"
"Edit","Previous Sibling","⇧⌘↑","Editing in Structured Text Editors","org.eclipse.wst.xml.ui.previousSibling"
"Edit","Add Maven Dependency","⌃⇧D","Editing XML Source","org.eclipse.m2e.core.ui.command.addDependency"
"C/C++ Source","Show outline","⌘O","C/C++ Editor","org.eclipse.cdt.ui.edit.open.outline"
"Navigate","Open Type Hierarchy","F4","In Windows","org.eclipse.jdt.ui.edit.text.java.open.type.hierarchy"
"Quick Search","Quick Search","⌥⇧⌘L","In Windows","org.eclipse.text.quicksearch.commands.quicksearchCommand"
"C/C++ Source","References","⇧⌘G","In C/C++ Views","org.eclipse.cdt.ui.search.findrefs"
"Navigate","Search Repository for Task","⇧⌘F12","In Windows","org.eclipse.mylyn.tasks.ui.command.searchForTask"
"Text Editing","Zoom In","⌘+","Editing Text","org.eclipse.ui.edit.text.zoomIn"
"Text Editing","Zoom In","⌘=","Editing Text","org.eclipse.ui.edit.text.zoomIn"
"Source","Open Declaration","F3","Editing Ant Buildfiles","org.eclipse.ant.ui.open.declaration.command"
"Search","Declaration in Workspace","⌘G","In Windows","org.eclipse.jdt.ui.edit.text.java.search.declarations.in.workspace"
"Run/Debug","Go to Address","⌘G","In Table Memory Rendering","org.eclipse.debug.ui.command.gotoaddress"
"Views","Show View (Outline)","⌥⌘Q O","In Windows","org.eclipse.ui.views.showView"
"Task Repositories","New Subtask","⌥⇧N","In Tasks View","org.eclipse.mylyn.tasks.ui.command.new.subtask"
"C/C++ Source","Explore Macro Expansion","⌘#","C/C++ Editor","org.eclipse.cdt.ui.edit.open.quick.macro.explorer"
"Run/Debug","Close Rendering","⌘W","In Memory View","org.eclipse.debug.ui.commands.closeRendering"
"Text Editing","Select Line Start","⇧⌘←","Editing Text","org.eclipse.ui.edit.text.select.lineStart"
"Reverse Debugging Commands","Uncall","⇧F7","Debugging C/C++","org.eclipse.cdt.debug.ui.command.uncall"
"Project","Build All","⌘B","In Windows","org.eclipse.ui.project.buildAll"
"Terminal view commands","Terminal view insert","⌥G","Terminal Typing Connected","org.eclipse.tm.terminal.command1"
